la_code;la_name;2011_lsoa_code;10%_of_income_on_fuel__number_2008;10%_of_income_on_fuel_number_2009;10%_of_income_on_fuel_number_2010;10%_of_income_on_fuel_number_2011;10%_of_income_on_fuel_number_2012;10%_of_income_on_fuel_percentage_2008;10%_of_income_on_fuel_percentage_2009;10%_of_income_on_fuel_percentage_2010;10%_of_income_on_fuel_percentage_2011;10%_of_income_on_fuel_percentage_2012;high_cost_ low_income_number_2011;high_cost_low_income_number_2012;high_cost_low_income_number_2013;high_cost_low_income_number_2014;high_cost_low_income_percentage_2011;high_cost_low_income_percentage_2012;high_cost_low_income_percentage_2013;high_cost_low_income_percentage_2014
E07000008;Cambridge;E01017943;82;74;119;114;114;11.1;9.7;16.3;15.3;15.6;158;116;93;85;21.2;15.8;12.4;11.3
E07000008;Cambridge;E01017944;62;83;87;56;58;11.3;15.0;15.8;10.0;10.2;48;63;69;67;8.5;11.1;11.7;11.3
E07000008;Cambridge;E01017945;77;85;126;93;84;10.8;11.6;16.4;11.9;11.1;106;105;96;81;13.5;13.8;12.2;10.3
E07000008;Cambridge;E01017946;72;104;120;85;68;11.7;16.7;19.2;13.3;10.7;87;94;94;82;13.6;14.8;14.3;12.4
E07000008;Cambridge;E01017947;85;107;114;83;63;13.2;16.3;17.8;12.7;9.3;90;81;86;74;13.7;12.0;12.3;10.6
E07000008;Cambridge;E01017948;51;74;60;34;36;7.6;11.0;9.1;5.0;5.2;25;43;53;40;3.7;6.2;7.4;5.6
E07000008;Cambridge;E01017949;88;78;117;105;110;13.0;11.3;17.8;15.6;16.3;120;114;102;91;17.8;16.9;14.5;13.0
E07000008;Cambridge;E01017950;91;77;139;155;105;14.3;12.1;21.9;23.9;18.7;203;123;109;109;31.3;21.9;18.7;18.6
E07000008;Cambridge;E01017951;66;83;86;67;53;10.4;13.0;13.6;10.3;8.1;54;52;62;51;8.3;8.0;9.2;7.5
E07000008;Cambridge;E01017952;86;110;130;82;69;13.1;16.5;19.6;12.1;10.2;52;68;83;73;7.7;10.0;11.8;10.4
E07000008;Cambridge;E01017953;81;96;122;97;72;12.2;14.4;18.4;14.3;10.5;88;96;95;76;13.0;14.0;13.5;10.7
E07000008;Cambridge;E01017954;74;98;106;84;51;11.9;15.7;16.9;13.0;8.6;66;63;75;67;10.2;10.6;12.1;10.8
E07000008;Cambridge;E01017955;56;52;95;95;65;8.8;8.1;14.8;14.5;10.1;96;59;71;65;14.6;9.2;10.7;9.8
E07000008;Cambridge;E01017956;73;67;85;105;69;13.2;11.6;14.8;17.8;13.1;109;63;50;46;18.5;11.9;9.1;8.3
E07000008;Cambridge;E01017957;63;49;79;91;68;12.5;9.6;15.3;17.2;13.6;119;76;66;65;22.5;15.2;12.6;12.4
E07000008;Cambridge;E01017958;93;83;97;95;77;17.9;15.9;18.7;17.9;20.0;74;72;67;65;13.9;18.7;16.5;16.0
E07000008;Cambridge;E01017959;56;66;79;75;43;8.7;10.1;11.8;10.9;6.4;76;51;57;45;11.1;7.5;8.1;6.4
E07000008;Cambridge;E01017960;57;84;99;68;40;10.6;15.6;17.6;11.8;7.3;50;64;62;58;8.7;11.7;10.9;10.2
E07000008;Cambridge;E01017961;43;54;65;47;35;7.5;9.3;11.2;7.9;6.1;34;39;49;38;5.7;6.8;8.1;6.3
E07000008;Cambridge;E01017962;59;78;98;83;57;9.2;12.1;15.3;12.7;8.7;73;64;57;48;11.2;9.8;8.4;7.1
E07000008;Cambridge;E01017963;53;77;88;60;49;8.9;12.7;13.7;9.1;7.3;50;54;63;56;7.6;8.0;9.1;8.1
E07000008;Cambridge;E01017964;34;46;51;46;38;6.8;9.2;10.3;9.1;7.5;48;37;50;43;9.5;7.3;9.5;8.2
E07000008;Cambridge;E01017965;75;88;112;89;74;10.2;11.9;14.7;11.4;10.1;100;81;86;70;12.8;11.0;11.2;9.1
E07000008;Cambridge;E01017966;118;156;213;184;125;11.6;13.1;16.2;13.7;11.4;216;131;112;107;16.1;12.0;9.8;9.4
E07000008;Cambridge;E01017967;91;117;98;73;69;13.1;16.7;15.9;11.6;10.7;71;86;97;78;11.3;13.4;14.6;11.7
E07000008;Cambridge;E01017968;71;82;122;114;80;10.7;12.3;18.7;17.1;12.1;116;91;89;78;17.4;13.8;13.0;11.4
E07000008;Cambridge;E01017969;54;70;92;75;51;8.7;11.2;14.8;11.8;8.3;72;58;67;59;11.3;9.5;10.6;9.3
E07000008;Cambridge;E01032792;36;41;55;48;37;7.1;6.9;9.0;7.7;6.1;39;27;25;19;6.3;4.4;4.0;3.0
E07000008;Cambridge;E01032802;70;81;108;94;73;13.1;12.7;16.7;14.2;11.2;109;75;66;60;16.4;11.5;9.8;9.0
E07000008;Cambridge;E01017971;66;80;101;76;60;10.1;12.2;15.3;11.2;9.1;63;74;77;65;9.3;11.2;11.3;9.5
E07000008;Cambridge;E01017972;71;79;101;85;56;10.9;12.1;14.0;11.6;8.4;89;73;63;51;12.1;10.9;9.1;7.4
E07000008;Cambridge;E01017973;73;67;79;74;90;10.3;9.3;11.3;10.4;12.5;61;97;74;67;8.5;13.4;9.9;9.0
E07000008;Cambridge;E01017974;77;94;115;83;77;12.3;15.1;18.8;13.3;11.2;93;115;103;85;14.9;16.8;14.5;11.9
E07000008;Cambridge;E01017975;76;102;104;70;59;11.8;15.7;16.0;10.6;8.7;51;70;92;83;7.7;10.3;13.0;11.8
E07000008;Cambridge;E01017976;70;87;106;93;75;10.9;13.4;16.8;14.4;11.9;117;90;82;67;18.1;14.3;12.6;10.3
E07000008;Cambridge;E01017977;66;102;84;54;51;10.9;15.4;11.9;7.5;6.7;33;47;57;47;4.6;6.2;7.3;6.0
E07000008;Cambridge;E01017978;65;101;95;60;56;11.3;16.8;16.0;9.9;8.6;40;54;68;64;6.6;8.3;10.1;9.5
E07000008;Cambridge;E01017979;63;98;82;49;45;9.5;14.6;12.9;7.5;6.8;27;44;58;51;4.1;6.6;8.4;7.4
E07000008;Cambridge;E01017980;47;56;54;40;34;9.6;11.4;11.0;8.0;6.9;41;39;48;37;8.2;7.9;9.4;7.2
E07000008;Cambridge;E01032797;231;212;227;268;188;24.8;22.2;23.4;27.0;25.2;311;209;165;162;31.3;28.1;21.0;20.7
E07000008;Cambridge;E01017983;101;85;185;185;133;10.8;8.7;19.6;19.2;14.9;234;151;139;163;24.3;16.9;14.9;17.5
E07000008;Cambridge;E01017984;76;52;134;176;124;10.6;7.2;18.6;23.8;17.9;168;145;93;97;22.7;21.0;12.9;13.4
E07000008;Cambridge;E01017985;113;72;122;145;93;14.9;9.4;16.0;18.5;13.4;172;106;113;112;22.0;15.3;15.4;15.3
E07000008;Cambridge;E01017986;89;70;84;114;54;21.4;16.5;19.7;26.2;18.1;111;50;38;38;25.5;16.8;12.0;11.9
E07000008;Cambridge;E01017987;89;69;121;128;93;12.8;9.8;17.4;18.0;13.9;161;103;72;77;22.6;15.4;10.4;11.1
E07000008;Cambridge;E01017988;106;70;115;137;115;17.4;11.4;18.6;21.7;21.0;213;126;120;124;33.7;23.0;20.9;21.5
E07000008;Cambridge;E01017989;96;80;159;142;157;11.0;9.1;18.3;16.0;17.0;184;147;138;125;20.7;15.9;14.4;13.1
E07000008;Cambridge;E01017990;52;38;81;82;69;9.0;6.5;13.8;13.7;11.7;136;86;92;98;22.7;14.6;15.0;16.0
E07000008;Cambridge;E01017991;81;90;93;80;87;14.4;15.8;16.2;13.6;14.7;72;83;78;61;12.3;14.0;12.6;9.9
E07000008;Cambridge;E01017992;66;76;112;100;74;10.3;11.4;17.1;14.9;10.3;101;95;82;66;15.1;13.2;11.0;8.9
E07000008;Cambridge;E01017993;53;50;85;97;144;9.6;8.9;14.8;16.5;15.1;104;162;86;120;17.7;17.0;8.7;12.1
E07000008;Cambridge;E01017994;71;94;113;90;54;11.6;15.2;18.6;14.5;8.5;83;84;80;76;13.3;13.2;12.2;11.6
E07000008;Cambridge;E01017995;50;51;70;81;47;8.7;8.8;12.2;13.7;8.5;68;42;47;43;11.5;7.6;8.1;7.4
E07000008;Cambridge;E01017996;71;53;83;99;66;13.6;10.1;15.7;18.4;12.7;115;66;71;73;21.3;12.7;13.1;13.4
E07000008;Cambridge;E01017997;124;122;175;137;128;13.8;13.2;19.0;14.5;13.5;173;143;139;121;18.4;15.1;14.1;12.3
E07000008;Cambridge;E01017998;76;59;129;124;107;10.8;8.2;17.8;16.7;15.0;221;158;120;121;29.8;22.2;16.3;16.4
E07000008;Cambridge;E01017999;90;101;149;118;83;12.4;13.8;20.3;15.7;12.1;133;120;105;98;17.7;17.4;14.6;13.6
E07000008;Cambridge;E01018000;79;61;157;158;134;12.2;9.3;21.8;21.5;18.8;232;169;150;147;31.6;23.7;20.0;19.6
E07000008;Cambridge;E01018001;82;69;117;114;95;11.3;9.4;16.1;15.3;12.7;172;121;116;116;23.1;16.2;14.8;14.9
E07000008;Cambridge;E01018002;68;73;100;84;57;9.4;9.9;13.7;11.2;7.7;83;62;114;135;11.1;8.3;14.7;17.4
E07000008;Cambridge;E01018003;59;76;96;83;61;9.3;11.0;15.0;12.7;9.9;88;69;110;117;13.5;11.2;17.3;18.4
E07000008;Cambridge;E01032794;37;34;61;71;62;9.0;7.3;10.5;11.9;9.7;66;63;63;81;11.1;9.9;9.5;12.3
E07000008;Cambridge;E01032795;62;56;101;117;103;14.2;11.6;16.5;18.8;15.3;89;85;44;64;14.2;12.6;6.3;9.1
E07000008;Cambridge;E01018005;183;159;190;210;129;20.3;17.1;22.9;24.7;16.9;223;137;119;113;26.2;17.9;15.0;14.2
E07000008;Cambridge;E01018006;61;61;84;81;66;7.5;7.3;10.1;9.5;8.6;96;63;69;61;11.3;8.2;8.7;7.7
E07000008;Cambridge;E01018007;50;48;81;90;68;8.8;8.3;14.4;15.6;11.8;103;64;59;50;17.9;11.1;9.8;8.3
E07000008;Cambridge;E01018008;79;67;120;118;95;12.0;10.1;18.2;17.5;14.7;138;104;95;93;20.4;16.1;14.2;13.8
E07000008;Cambridge;E01018009;104;101;150;135;121;12.7;12.1;18.4;16.2;14.7;160;145;119;100;19.2;17.6;14.0;11.7
E07000008;Cambridge;E01018010;99;72;120;115;95;11.0;8.0;13.5;12.6;10.9;119;80;79;82;13.1;9.2;8.7;9.0
E07000009;East Cambridgeshire;E01018011;164;184;148;158;148;16.2;17.9;14.3;14.9;14.9;128;95;95;121;12.1;9.6;9.2;11.7
E07000009;East Cambridgeshire;E01018012;48;59;79;76;48;9.0;10.6;14.1;13.3;8.6;41;28;38;34;7.2;5.0;6.6;5.9
E07000009;East Cambridgeshire;E01018013;75;111;102;103;72;10.1;14.9;13.8;13.6;9.8;67;44;59;51;8.9;6.0;7.8;6.8
E07000009;East Cambridgeshire;E01018014;57;82;55;54;38;7.8;10.7;7.2;6.9;5.1;38;26;49;41;4.9;3.5;6.4;5.4
E07000009;East Cambridgeshire;E01018015;56;71;67;69;56;10.5;12.8;12.2;12.3;10.1;54;41;43;41;9.6;7.4;7.5;7.1
E07000009;East Cambridgeshire;E01018016;53;69;98;83;55;9.5;11.7;16.3;13.5;9.5;60;57;55;40;9.8;9.9;9.2;6.7
E07000009;East Cambridgeshire;E01018017;114;129;95;91;78;19.1;21.3;15.8;14.8;13.2;59;52;45;72;9.6;8.8;7.3;11.7
E07000009;East Cambridgeshire;E01032611;100;129;133;129;95;14.8;17.8;18.4;17.4;12.8;84;51;50;66;11.3;6.9;6.5;8.6
E07000009;East Cambridgeshire;E01018019;52;71;61;55;33;12.1;16.2;13.7;12.1;7.5;44;27;35;34;9.7;6.2;7.7;7.5
E07000009;East Cambridgeshire;E01018020;124;142;97;100;102;21.4;24.1;18.4;18.6;17.6;75;59;60;90;13.9;10.2;10.0;15.0
E07000009;East Cambridgeshire;E01018021;103;135;94;86;56;19.2;23.7;15.0;13.4;9.5;62;43;44;39;9.6;7.3;7.2;6.4
E07000009;East Cambridgeshire;E01018022;122;130;95;85;63;19.9;20.9;15.4;13.5;10.7;53;35;33;29;8.4;6.0;5.5;4.8
E07000009;East Cambridgeshire;E01018023;186;203;148;154;138;21.2;22.8;16.8;17.1;15.2;111;88;86;161;12.3;9.7;9.1;17.1
E07000009;East Cambridgeshire;E01018024;113;127;110;100;69;20.7;22.1;19.4;17.2;13.6;67;46;41;59;11.5;9.1;7.7;11.1
E07000009;East Cambridgeshire;E01018025;92;102;136;133;87;13.5;14.3;20.1;19.2;12.2;124;91;90;93;17.9;12.8;12.2;12.6
E07000009;East Cambridgeshire;E01018026;96;110;115;112;70;12.9;14.4;16.6;15.8;10.7;99;57;60;59;13.9;8.7;8.8;8.7
E07000009;East Cambridgeshire;E01018027;54;70;65;65;40;7.2;9.3;8.6;8.4;5.5;64;39;37;31;8.3;5.4;4.9;4.1
E07000009;East Cambridgeshire;E01033426;42;47;45;38;30;8.3;9.2;8.6;7.2;5.9;20;19;27;22;3.8;3.7;5.1;4.2
E07000009;East Cambridgeshire;E01033430;79;88;83;71;56;13.3;14.7;13.8;11.5;9.5;64;60;70;62;10.3;10.2;11.4;10.1
E07000009;East Cambridgeshire;E01018029;72;106;102;94;55;7.7;10.2;9.4;8.5;5.0;80;44;61;47;7.2;4.0;5.4;4.1
E07000009;East Cambridgeshire;E01018030;44;53;48;43;33;10.6;12.7;11.9;10.4;8.0;35;35;35;29;8.5;8.5;8.2;6.8
E07000009;East Cambridgeshire;E01033425;38;55;55;55;37;5.6;7.4;7.0;6.9;5.3;48;24;31;24;6.0;3.5;4.3;3.3
E07000009;East Cambridgeshire;E01033428;38;55;55;55;37;6.2;8.2;7.8;7.7;6.0;48;24;27;23;6.7;3.9;4.2;3.6
E07000009;East Cambridgeshire;E01018032;104;110;146;151;89;9.5;9.8;13.8;14.0;8.7;116;71;77;70;10.8;7.0;7.2;6.6
E07000009;East Cambridgeshire;E01018033;110;126;144;125;83;12.1;13.7;15.2;12.9;9.2;92;72;79;69;9.5;8.0;8.4;7.4
E07000009;East Cambridgeshire;E01018034;86;106;82;78;59;14.2;17.3;13.6;12.6;9.7;59;44;60;57;9.5;7.2;9.5;9.0
E07000009;East Cambridgeshire;E01018035;157;179;155;145;113;16.6;18.7;15.8;14.4;11.9;110;84;92;132;11.0;8.8;9.3;13.3
E07000009;East Cambridgeshire;E01018036;89;116;121;110;100;13.0;16.6;17.1;15.2;14.2;74;62;68;128;10.2;8.8;9.2;17.4
E07000009;East Cambridgeshire;E01018037;79;89;52;55;55;14.5;16.1;9.6;9.9;10.2;34;27;36;60;6.1;5.0;6.5;10.8
E07000009;East Cambridgeshire;E01018038;70;83;59;54;50;11.4;13.4;9.6;8.6;8.2;32;25;30;26;5.1;4.1;4.7;4.1
E07000009;East Cambridgeshire;E01018039;74;86;76;68;39;12.4;14.2;12.6;11.0;7.4;44;28;31;25;7.1;5.3;5.7;4.6
E07000009;East Cambridgeshire;E01018040;68;93;77;76;43;13.2;17.7;14.9;14.4;8.7;49;25;30;26;9.3;5.1;5.8;5.0
E07000009;East Cambridgeshire;E01018041;53;76;68;64;44;11.7;16.6;15.1;13.9;9.9;52;46;41;34;11.3;10.3;8.8;7.3
E07000009;East Cambridgeshire;E01018042;62;90;90;82;43;9.5;13.6;13.3;11.9;6.8;54;47;48;37;7.8;7.4;7.3;5.6
E07000009;East Cambridgeshire;E01018043;121;159;141;127;79;14.6;18.8;16.8;14.8;9.5;105;68;53;47;12.3;8.2;6.2;5.5
E07000009;East Cambridgeshire;E01018044;134;162;116;99;78;18.7;22.3;16.0;13.3;10.6;78;55;56;60;10.5;7.5;7.3;7.9
E07000009;East Cambridgeshire;E01018045;79;93;70;63;54;13.8;16.1;13.5;11.8;10.4;57;43;49;51;10.7;8.3;9.1;9.5
E07000009;East Cambridgeshire;E01018046;80;105;134;108;71;12.4;15.0;17.1;13.4;8.6;86;82;60;54;10.7;9.9;7.0;6.3
E07000009;East Cambridgeshire;E01018047;130;157;130;114;77;17.3;20.2;17.0;14.6;10.2;75;56;58;60;9.6;7.4;7.4;7.6
E07000009;East Cambridgeshire;E01033427;37;51;33;26;23;8.8;11.7;7.1;5.5;4.9;22;16;22;19;4.7;3.4;4.4;3.8
E07000009;East Cambridgeshire;E01033429;60;82;54;43;37;8.4;11.1;6.7;5.2;4.6;37;26;37;30;4.5;3.2;4.5;3.6
E07000009;East Cambridgeshire;E01018049;100;110;91;86;79;17.5;19.0;15.3;14.1;11.8;63;53;53;76;10.3;7.9;7.6;11.0
E07000009;East Cambridgeshire;E01018050;51;70;63;55;39;9.6;12.4;11.5;9.8;7.2;45;30;45;40;8.0;5.5;8.0;7.1
E07000009;East Cambridgeshire;E01018051;113;141;120;95;57;15.9;19.6;16.9;13.0;8.4;71;46;50;43;9.8;6.8;7.1;6.1
E07000009;East Cambridgeshire;E01018052;97;122;126;102;74;11.8;14.5;14.9;11.8;9.3;90;60;58;56;10.4;7.5;7.0;6.7
E07000009;East Cambridgeshire;E01018053;114;129;104;96;94;18.0;19.9;16.0;14.4;13.6;68;62;63;112;10.2;9.0;8.8;15.7
E07000009;East Cambridgeshire;E01018054;80;104;98;92;93;9.3;11.8;11.1;10.1;10.2;65;48;62;110;7.2;5.3;6.6;11.7
E07000009;East Cambridgeshire;E01018055;85;109;97;92;73;10.3;13.0;11.4;10.6;8.7;68;47;65;60;7.8;5.6;7.5;6.9
E07000009;East Cambridgeshire;E01018056;85;111;99;83;69;11.3;14.1;13.1;10.8;8.8;66;58;51;45;8.6;7.4;6.3;5.5
E07000009;East Cambridgeshire;E01018057;121;140;133;135;134;14.8;17.0;16.1;16.0;16.4;107;94;43;58;12.7;11.5;5.1;6.8
E07000010;Fenland;E01018058;60;72;86;65;40;8.6;10.2;12.9;9.5;5.8;32;21;30;21;4.7;3.0;4.2;2.9
E07000010;Fenland;E01018059;127;151;82;73;64;23.9;27.8;16.0;13.9;11.7;39;33;32;37;7.4;6.1;5.7;6.6
E07000010;Fenland;E01018060;118;148;107;89;93;17.7;20.4;14.6;11.9;12.5;46;40;43;62;6.1;5.4;5.6;8.1
E07000010;Fenland;E01018061;69;97;75;60;37;14.1;19.1;15.1;11.8;7.4;39;30;34;29;7.7;6.0;6.6;5.6
E07000010;Fenland;E01018062;144;178;205;167;107;13.8;16.9;19.1;15.2;10.2;100;75;70;56;9.1;7.2;6.5;5.2
E07000010;Fenland;E01018063;148;185;228;205;120;15.1;18.7;22.5;19.7;12.7;210;123;136;122;20.2;13.1;14.0;12.5
E07000010;Fenland;E01018064;74;99;115;99;58;8.8;11.4;13.5;11.4;7.0;58;43;50;40;6.7;5.2;5.8;4.7
E07000010;Fenland;E01018065;140;168;133;116;81;16.2;19.2;15.3;13.0;8.9;72;53;63;56;8.1;5.8;6.7;5.9
E07000010;Fenland;E01018066;84;106;141;124;79;14.3;17.8;22.5;19.3;12.6;73;67;63;54;11.4;10.7;9.7;8.3
E07000010;Fenland;E01018067;84;113;133;123;93;11.7;15.3;18.3;16.5;12.3;84;67;67;55;11.3;8.9;8.6;7.0
E07000010;Fenland;E01018068;158;191;125;113;110;27.7;32.9;21.6;19.1;18.7;66;58;56;73;11.1;9.9;9.2;12.0
E07000010;Fenland;E01018069;81;109;102;87;42;11.2;14.8;13.4;11.2;5.7;50;27;34;27;6.4;3.7;4.5;3.5
E07000010;Fenland;E01018070;104;129;146;115;81;15.0;18.2;20.0;15.4;10.9;104;89;74;71;13.9;12.0;9.7;9.3
E07000010;Fenland;E01018071;102;144;174;152;80;14.1;19.6;23.1;19.8;10.3;112;72;77;69;14.6;9.2;9.5;8.5
E07000010;Fenland;E01018072;92;136;140;102;62;13.0;19.1;18.8;13.4;9.4;78;60;58;56;10.2;9.1;8.4;8.2
E07000010;Fenland;E01018073;130;178;188;156;91;14.6;19.3;20.7;16.8;9.9;116;85;84;66;12.5;9.3;8.9;6.9
E07000010;Fenland;E01018074;42;57;61;52;34;8.9;11.9;13.0;10.9;6.6;31;25;29;22;6.5;4.8;5.4;4.1
E07000010;Fenland;E01018075;56;73;92;75;44;11.1;14.2;17.1;13.6;8.4;42;39;38;32;7.6;7.5;7.1;5.9
E07000010;Fenland;E01018076;181;211;158;138;130;22.2;25.4;18.7;15.9;15.2;71;54;66;112;8.2;6.3;7.5;12.7
E07000010;Fenland;E01018077;129;160;162;147;91;14.8;18.2;18.5;16.4;10.5;111;64;74;73;12.4;7.4;8.3;8.2
E07000010;Fenland;E01018078;116;138;169;133;72;14.5;17.1;21.3;16.4;9.0;69;59;66;57;8.5;7.4;8.0;6.9
E07000010;Fenland;E01018079;90;115;146;128;71;11.9;15.0;19.1;16.3;9.1;77;63;63;49;9.8;8.1;7.8;6.1
E07000010;Fenland;E01018080;108;155;176;148;97;11.6;15.8;18.0;14.8;10.0;108;66;72;59;10.8;6.8;7.2;5.9
E07000010;Fenland;E01018081;108;121;138;118;100;19.5;21.6;24.4;20.4;17.5;74;60;50;43;12.8;10.5;8.4;7.2
E07000010;Fenland;E01018082;103;146;168;158;101;13.2;18.4;23.3;21.4;12.6;114;73;71;62;15.4;9.1;8.5;7.5
E07000010;Fenland;E01018083;94;128;164;142;109;13.7;18.3;21.0;17.8;14.2;133;86;78;64;16.6;11.2;9.9;8.1
E07000010;Fenland;E01018084;126;153;175;144;76;13.4;16.1;18.2;14.7;8.5;76;36;45;34;7.7;4.0;4.8;3.7
E07000010;Fenland;E01018085;74;91;100;91;64;11.0;13.4;15.2;13.6;9.2;57;39;43;37;8.5;5.6;6.0;5.1
E07000010;Fenland;E01018086;102;122;123;101;83;14.7;17.1;17.5;14.0;11.6;64;48;46;39;8.9;6.7;6.2;5.3
E07000010;Fenland;E01018087;114;157;172;155;103;13.6;18.3;20.1;17.7;11.1;113;84;88;76;12.9;9.0;9.2;7.9
E07000010;Fenland;E01018088;61;78;93;82;40;8.9;11.3;12.8;11.1;5.8;39;21;27;19;5.3;3.0;3.8;2.6
E07000010;Fenland;E01033111;106;135;156;134;89;17.7;22.1;25.5;21.5;13.7;122;93;82;71;19.5;14.4;12.2;10.5
E07000010;Fenland;E01033112;93;118;136;118;78;17.0;21.3;24.6;20.8;13.3;103;79;96;96;18.2;13.4;15.8;15.8
E07000010;Fenland;E01018090;185;211;171;141;138;26.7;29.8;24.3;19.5;18.8;54;54;47;66;7.5;7.4;6.2;8.8
E07000010;Fenland;E01018091;137;166;131;107;122;25.8;29.6;23.5;18.8;21.0;56;54;52;81;9.8;9.3;8.6;13.5
E07000010;Fenland;E01018092;179;197;185;168;168;26.3;28.0;26.0;23.1;23.3;86;82;56;82;11.8;11.4;7.5;11.0
E07000010;Fenland;E01018093;160;192;189;166;134;16.3;19.4;18.9;16.2;13.5;127;105;96;84;12.4;10.5;9.3;8.1
E07000010;Fenland;E01018094;117;140;150;119;86;15.4;18.2;19.8;15.3;11.2;68;56;60;46;8.8;7.3;7.5;5.8
E07000010;Fenland;E01018095;212;217;177;156;151;31.1;30.5;26.4;22.7;23.3;68;56;58;93;9.9;8.6;8.6;13.9
E07000010;Fenland;E01018096;126;141;174;145;95;18.4;20.2;23.1;18.8;13.2;93;52;52;45;12.1;7.2;6.9;6.0
E07000010;Fenland;E01018097;138;161;165;151;151;23.3;26.7;26.6;23.8;25.0;79;76;70;104;12.4;12.6;11.2;16.6
E07000010;Fenland;E01018098;86;112;128;108;52;15.3;19.1;20.3;16.7;8.8;67;40;39;35;10.4;6.8;6.4;5.8
E07000010;Fenland;E01018099;55;67;83;70;47;11.1;13.4;16.5;13.6;9.1;44;28;33;29;8.5;5.4;6.2;5.4
E07000010;Fenland;E01018100;69;95;126;113;89;12.8;17.3;22.8;20.0;15.0;91;74;58;53;16.1;12.5;9.4;8.6
E07000010;Fenland;E01018101;79;104;108;99;82;14.3;18.2;21.1;18.9;14.0;80;57;41;35;15.3;9.7;6.8;5.8
E07000010;Fenland;E01018102;111;146;124;102;79;10.3;13.4;11.3;9.1;6.9;67;57;58;52;6.0;5.0;4.9;4.4
E07000010;Fenland;E01018103;70;92;116;86;60;15.0;19.5;24.2;17.6;13.0;64;71;61;53;13.1;15.4;12.7;10.9
E07000010;Fenland;E01018104;51;65;65;51;38;9.8;12.4;13.6;10.4;7.5;33;32;33;26;6.7;6.3;6.3;5.0
E07000010;Fenland;E01018105;56;87;108;92;56;10.9;16.2;20.0;16.7;10.4;69;52;47;47;12.5;9.7;8.4;8.4
E07000010;Fenland;E01018106;64;97;119;96;53;9.0;12.6;14.1;11.2;7.7;70;37;36;34;8.1;5.4;5.1;4.8
E07000010;Fenland;E01018107;92;140;128;86;50;14.2;21.2;19.5;12.8;7.9;69;71;71;63;10.2;11.2;10.8;9.6
E07000010;Fenland;E01018108;109;164;168;129;92;13.7;20.3;20.0;15.0;12.0;87;88;84;66;10.1;11.5;10.6;8.3
E07000010;Fenland;E01018109;95;108;103;80;57;12.2;13.8;14.0;10.6;7.5;63;46;55;44;8.4;6.0;7.0;5.5
E07000010;Fenland;E01018110;157;203;192;167;133;15.9;20.3;20.6;17.5;12.2;124;104;89;81;13.0;9.6;8.0;7.2
E07000010;Fenland;E01018111;201;233;201;182;146;22.9;26.2;22.5;19.9;15.6;96;73;74;75;10.5;7.8;7.7;7.8
E07000011;Huntingdonshire;E01033433;83;109;123;116;69;10.6;13.8;12.7;11.7;8.7;79;52;58;51;8.0;6.5;7.0;6.2
E07000011;Huntingdonshire;E01018113;57;80;43;45;36;10.0;13.9;7.5;7.7;6.2;37;27;35;31;6.3;4.7;5.9;5.2
E07000011;Huntingdonshire;E01018115;113;99;78;75;69;20.6;17.9;14.3;13.5;12.3;43;29;42;49;7.7;5.2;7.2;8.4
E07000011;Huntingdonshire;E01018116;37;52;57;64;37;7.2;10.0;10.7;11.8;7.6;82;41;44;43;15.1;8.4;8.7;8.5
E07000011;Huntingdonshire;E01018117;70;99;124;119;62;9.0;12.7;16.7;15.6;8.3;77;60;58;56;10.1;8.0;7.4;7.2
E07000011;Huntingdonshire;E01018118;33;49;55;55;42;4.2;6.2;6.9;6.8;5.4;53;37;41;34;6.5;4.7;5.1;4.2
E07000011;Huntingdonshire;E01018119;70;101;86;90;86;11.7;16.5;13.8;14.1;13.7;61;46;54;71;9.6;7.3;8.2;10.8
E07000011;Huntingdonshire;E01018120;70;97;86;86;60;9.2;12.5;11.4;11.1;8.0;65;47;53;45;8.4;6.3;6.8;5.8
E07000011;Huntingdonshire;E01018121;43;62;53;58;57;8.6;12.3;10.8;11.5;11.2;47;33;50;51;9.3;6.5;9.5;9.7
E07000011;Huntingdonshire;E01018122;38;59;69;64;36;7.8;12.0;14.1;12.8;7.4;42;27;32;28;8.4;5.5;6.3;5.5
E07000011;Huntingdonshire;E01018123;56;83;76;70;51;8.7;12.8;11.9;10.7;8.0;55;40;50;43;8.4;6.3;7.6;6.5
E07000011;Huntingdonshire;E01018124;56;82;67;69;57;7.6;10.9;9.0;9.1;7.5;59;45;50;42;7.8;5.9;6.4;5.3
E07000011;Huntingdonshire;E01018125;68;86;62;64;78;11.5;14.5;10.6;10.7;13.1;41;39;44;70;6.9;6.6;7.0;11.2
E07000011;Huntingdonshire;E01018126;105;123;89;101;107;17.1;19.7;14.2;15.7;17.2;69;55;52;100;10.7;8.8;8.0;15.4
E07000011;Huntingdonshire;E01018127;93;117;90;92;83;15.0;18.5;14.5;14.5;13.3;59;50;62;71;9.3;8.0;9.5;11.0
E07000011;Huntingdonshire;E01018128;105;118;93;100;97;20.2;22.4;17.6;18.6;19.2;70;56;51;94;13.0;11.1;9.7;17.9
E07000011;Huntingdonshire;E01018129;53;74;72;69;53;8.4;11.5;11.6;10.8;8.2;52;43;44;41;8.2;6.7;6.6;6.1
E07000011;Huntingdonshire;E01018130;52;75;84;80;53;7.2;10.4;11.6;10.8;7.7;68;39;42;38;9.2;5.6;5.9;5.3
E07000011;Huntingdonshire;E01018131;57;83;86;71;46;9.1;13.2;13.8;11.2;7.3;58;51;52;45;9.1;8.1;8.0;6.9
E07000011;Huntingdonshire;E01018132;72;89;85;85;61;10.0;12.2;11.9;11.6;7.6;63;58;78;74;8.6;7.3;9.4;8.9
E07000011;Huntingdonshire;E01018133;33;48;47;47;33;5.7;8.1;7.1;6.9;5.0;33;25;34;28;4.9;3.8;5.0;4.2
E07000011;Huntingdonshire;E01018134;26;41;43;40;35;3.8;5.4;5.5;5.0;4.6;36;26;38;26;4.5;3.4;4.8;3.3
E07000011;Huntingdonshire;E01018135;59;108;98;101;127;12.6;17.9;12.0;12.1;11.1;73;104;60;68;8.8;9.1;5.1;5.7
E07000011;Huntingdonshire;E01018136;101;116;95;104;114;15.0;17.1;14.3;15.2;16.7;64;52;53;88;9.4;7.6;7.5;12.5
E07000011;Huntingdonshire;E01018137;63;81;75;73;53;10.1;12.6;11.7;11.1;7.7;50;37;42;36;7.6;5.4;5.9;5.1
E07000011;Huntingdonshire;E01018138;97;125;123;98;87;11.1;14.2;13.7;10.6;9.5;96;78;83;73;10.4;8.5;8.8;7.7
E07000011;Huntingdonshire;E01018139;30;42;39;36;27;5.5;7.6;7.0;6.3;4.8;26;26;30;23;4.6;4.6;5.1;3.9
E07000011;Huntingdonshire;E01018140;42;56;57;47;38;8.2;10.8;11.5;9.3;7.6;43;31;41;36;8.5;6.2;7.9;6.9
E07000011;Huntingdonshire;E01018141;29;44;62;60;40;4.4;6.4;9.1;8.6;5.9;41;29;35;26;5.9;4.3;5.0;3.7
E07000011;Huntingdonshire;E01018142;65;85;98;84;55;11.0;14.2;16.6;13.9;8.9;54;40;51;43;8.9;6.5;7.9;6.7
E07000011;Huntingdonshire;E01018143;71;87;96;70;52;10.7;12.9;14.6;10.4;7.6;51;59;53;42;7.6;8.6;7.5;5.9
E07000011;Huntingdonshire;E01018144;54;75;80;54;44;10.6;14.0;13.5;8.9;7.9;51;51;64;56;8.4;9.1;11.0;9.7
E07000011;Huntingdonshire;E01018145;51;72;64;43;36;10.5;14.7;13.1;8.6;7.6;44;47;64;56;8.8;9.9;12.9;11.3
E07000011;Huntingdonshire;E01018146;81;104;82;58;45;11.1;14.1;11.5;7.9;6.0;57;52;67;59;7.8;6.9;8.6;7.5
E07000011;Huntingdonshire;E01018147;62;88;68;45;39;10.5;14.8;11.7;7.6;6.8;46;49;67;64;7.8;8.6;11.3;10.7
E07000011;Huntingdonshire;E01018148;25;34;31;30;36;3.3;4.3;3.9;3.7;4.1;26;28;36;22;3.2;3.2;3.9;2.4
E07000011;Huntingdonshire;E01018149;20;29;22;23;16;3.3;4.7;3.6;3.7;3.0;24;16;21;13;3.8;3.0;3.8;2.4
E07000011;Huntingdonshire;E01018150;25;40;44;45;40;4.7;7.3;7.1;7.1;6.1;37;36;32;22;5.8;5.5;4.7;3.2
E07000011;Huntingdonshire;E01018151;65;88;75;65;59;6.9;9.2;7.6;6.5;6.6;61;47;75;77;6.1;5.3;8.1;8.3
E07000011;Huntingdonshire;E01018152;102;125;90;96;101;18.0;21.7;15.5;16.1;17.0;72;57;57;100;12.1;9.6;9.3;16.2
E07000011;Huntingdonshire;E01018153;99;117;75;81;88;13.9;16.2;10.4;10.9;11.8;54;46;52;91;7.3;6.1;6.7;11.7
E07000011;Huntingdonshire;E01018154;51;77;78;65;49;7.7;11.5;11.9;9.7;6.9;55;37;44;37;8.2;5.2;6.0;5.0
E07000011;Huntingdonshire;E01018155;42;68;64;55;44;6.7;10.8;10.2;8.6;6.9;48;33;42;35;7.5;5.2;6.4;5.3
E07000011;Huntingdonshire;E01018156;79;105;88;83;68;12.0;15.8;12.7;11.7;10.2;62;43;49;46;8.8;6.4;7.0;6.6
E07000011;Huntingdonshire;E01018157;162;187;103;96;83;21.3;24.3;13.5;12.3;10.5;61;51;60;57;7.8;6.5;7.4;7.0
E07000011;Huntingdonshire;E01018158;92;130;119;99;72;10.8;15.2;14.1;11.5;8.6;79;56;68;67;9.2;6.7;7.9;7.7
E07000011;Huntingdonshire;E01018159;44;62;47;46;31;7.8;10.9;8.1;7.8;5.7;40;27;36;32;6.8;4.9;6.3;5.6
E07000011;Huntingdonshire;E01018160;97;125;128;102;62;14.1;18.0;18.6;14.4;9.1;79;71;68;60;11.2;10.4;9.6;8.5
E07000011;Huntingdonshire;E01018161;38;56;59;49;43;6.5;9.5;10.2;8.3;7.5;49;37;50;42;8.3;6.5;8.4;7.0
E07000011;Huntingdonshire;E01018162;27;57;28;27;25;4.8;9.1;4.5;4.2;4.1;24;20;28;20;3.8;3.3;4.4;3.2
E07000011;Huntingdonshire;E01018163;27;41;33;24;21;4.6;6.9;5.6;4.0;3.6;20;24;37;20;3.3;4.1;6.0;3.2
E07000011;Huntingdonshire;E01018164;29;44;44;38;31;5.5;8.3;8.4;7.1;5.9;35;28;38;27;6.5;5.3;6.9;4.9
E07000011;Huntingdonshire;E01018165;36;53;48;38;30;6.4;9.4;8.6;6.6;5.5;36;30;46;34;6.3;5.5;8.0;5.9
E07000011;Huntingdonshire;E01018166;71;89;109;96;63;11.2;13.7;16.1;13.9;9.8;76;47;51;46;11.0;7.3;7.6;6.9
E07000011;Huntingdonshire;E01018167;37;52;51;48;40;6.4;8.9;8.9;8.2;6.9;39;31;38;30;6.7;5.4;6.3;5.0
E07000011;Huntingdonshire;E01018168;95;111;66;53;44;9.8;11.1;6.5;5.1;4.1;39;40;47;38;3.8;3.7;4.3;3.4
E07000011;Huntingdonshire;E01018169;57;69;77;65;46;9.5;11.5;12.7;10.5;7.5;57;48;49;43;9.2;7.8;7.7;6.8
E07000011;Huntingdonshire;E01018170;57;75;94;78;49;9.7;12.6;16.0;13.0;8.3;51;37;47;39;8.5;6.2;7.6;6.3
E07000011;Huntingdonshire;E01018171;39;53;47;47;40;7.3;9.7;8.7;8.5;6.9;37;28;36;33;6.7;4.8;6.0;5.5
E07000011;Huntingdonshire;E01018172;61;83;75;72;50;10.1;13.6;12.3;11.5;8.1;52;35;40;40;8.3;5.7;6.3;6.2
E07000011;Huntingdonshire;E01018173;24;42;25;20;18;4.8;8.3;5.0;3.9;3.6;19;17;29;18;3.7;3.4;5.6;3.4
E07000011;Huntingdonshire;E01018174;51;70;68;56;50;7.4;10.1;9.9;8.0;7.3;50;33;41;37;7.1;4.8;5.8;5.2
E07000011;Huntingdonshire;E01018175;30;54;31;32;26;5.6;10.0;5.8;5.9;4.8;24;17;24;20;4.4;3.1;4.3;3.5
E07000011;Huntingdonshire;E01018176;34;55;42;44;40;7.5;11.8;9.1;9.3;8.4;38;27;36;31;8.1;5.6;7.2;6.2
E07000011;Huntingdonshire;E01018177;56;70;72;63;49;9.5;11.8;12.3;10.5;7.7;45;33;43;36;7.5;5.2;6.5;5.4
E07000011;Huntingdonshire;E01018178;43;60;55;52;32;6.6;9.1;8.5;7.8;5.1;33;24;32;26;5.0;3.9;5.0;4.0
E07000011;Huntingdonshire;E01018179;52;73;63;46;36;9.4;12.4;10.8;7.7;6.1;39;34;44;44;6.5;5.8;7.2;7.2
E07000011;Huntingdonshire;E01018180;47;62;55;35;30;8.3;10.9;9.8;6.1;5.3;24;31;39;39;4.2;5.5;6.7;6.7
E07000011;Huntingdonshire;E01018181;46;70;56;47;36;3.9;5.9;4.6;3.8;3.1;42;29;44;32;3.4;2.5;3.7;2.7
E07000011;Huntingdonshire;E01018182;46;65;57;42;41;7.9;11.1;10.3;7.5;7.1;46;35;45;42;8.2;6.1;7.5;7.0
E07000011;Huntingdonshire;E01018183;61;81;71;54;49;10.3;13.5;11.7;8.7;8.0;46;42;51;48;7.4;6.9;8.0;7.5
E07000011;Huntingdonshire;E01018184;53;69;64;43;38;10.6;13.7;12.8;8.4;7.6;37;41;51;49;7.2;8.2;9.8;9.4
E07000011;Huntingdonshire;E01018185;93;119;130;113;74;13.6;17.0;18.7;15.8;10.3;86;58;65;64;12.1;8.1;8.8;8.6
E07000011;Huntingdonshire;E01018186;71;92;93;68;63;10.2;13.0;13.3;9.5;8.7;57;50;57;54;8.0;6.9;7.6;7.2
E07000011;Huntingdonshire;E01018187;91;128;95;81;62;9.6;13.2;9.9;8.2;6.1;56;53;64;61;5.7;5.2;6.1;5.8
E07000011;Huntingdonshire;E01018188;63;84;90;72;53;9.9;13.0;14.3;11.2;8.5;65;52;54;47;10.1;8.3;8.3;7.2
E07000011;Huntingdonshire;E01018189;27;39;34;33;32;5.5;7.9;6.9;6.5;6.5;31;23;28;23;6.1;4.7;5.4;4.4
E07000011;Huntingdonshire;E01018190;70;99;103;83;57;11.5;16.1;16.9;13.3;9.2;75;58;58;55;12.0;9.3;9.0;8.5
E07000011;Huntingdonshire;E01018191;35;52;56;50;31;7.2;10.7;11.6;10.1;6.6;41;23;31;27;8.3;4.9;6.4;5.5
E07000011;Huntingdonshire;E01018192;91;104;75;79;66;15.9;18.0;13.0;13.4;12.0;50;35;44;57;8.5;6.4;7.7;9.9
E07000011;Huntingdonshire;E01018193;28;45;40;36;29;5.6;8.9;7.8;6.9;6.0;32;23;34;27;6.1;4.7;6.7;5.3
E07000011;Huntingdonshire;E01018194;57;90;71;71;57;9.9;15.5;12.4;12.1;10.0;47;36;46;58;8.0;6.3;7.7;9.7
E07000011;Huntingdonshire;E01018195;36;52;45;39;25;6.6;9.5;8.4;7.1;4.7;26;24;30;24;4.7;4.5;5.4;4.3
E07000011;Huntingdonshire;E01018196;126;132;78;78;77;26.0;26.8;15.6;15.2;15.2;48;39;45;62;9.4;7.7;8.6;11.8
E07000011;Huntingdonshire;E01018197;46;63;74;61;41;7.3;9.9;11.6;9.4;6.3;42;35;54;46;6.5;5.4;8.0;6.8
E07000011;Huntingdonshire;E01018198;52;77;74;74;58;8.0;11.5;11.1;10.8;8.7;58;40;44;41;8.5;6.0;6.4;5.9
E07000011;Huntingdonshire;E01018199;80;97;75;75;57;13.9;16.7;12.8;12.6;9.5;59;40;49;44;9.9;6.7;7.9;7.1
E07000011;Huntingdonshire;E01018200;54;81;72;74;70;9.4;13.8;12.3;12.3;11.1;52;43;48;67;8.7;6.8;7.4;10.2
E07000011;Huntingdonshire;E01018201;37;55;60;54;34;6.1;9.0;10.0;8.8;5.7;42;29;39;33;6.9;4.9;6.3;5.4
E07000011;Huntingdonshire;E01018202;82;99;88;97;61;13.0;15.5;13.8;14.9;9.7;62;44;35;32;9.5;7.0;5.3;4.9
E07000011;Huntingdonshire;E01018203;52;65;73;74;51;8.5;10.6;11.7;11.5;8.3;59;42;45;41;9.2;6.9;7.0;6.4
E07000011;Huntingdonshire;E01018204;58;73;62;71;55;10.7;13.4;11.4;12.7;10.3;55;39;45;39;9.9;7.3;8.1;7.0
E07000011;Huntingdonshire;E01018205;103;135;103;107;91;14.2;17.9;12.7;12.9;11.2;74;58;57;49;8.9;7.1;6.7;5.8
E07000011;Huntingdonshire;E01018206;49;70;60;68;66;10.4;14.7;12.8;14.2;9.3;120;91;79;92;25.1;12.9;10.8;12.5
E07000011;Huntingdonshire;E01018207;86;120;89;84;79;14.5;19.7;14.6;13.5;13.0;64;48;47;52;10.3;7.9;7.4;8.2
E07000011;Huntingdonshire;E01018208;106;115;98;91;67;16.2;17.4;14.9;13.5;10.0;73;57;50;44;10.9;8.5;7.2;6.4
E07000011;Huntingdonshire;E01018209;78;94;59;59;62;13.2;15.8;10.6;10.4;10.5;46;37;38;36;8.1;6.3;6.2;5.8
E07000011;Huntingdonshire;E01018210;44;68;56;46;40;7.5;11.4;9.4;7.5;6.9;36;32;44;36;5.9;5.5;7.2;5.9
E07000011;Huntingdonshire;E01018211;65;90;63;63;52;9.5;13.1;9.4;9.2;7.6;50;39;41;32;7.3;5.7;5.8;4.5
E07000011;Huntingdonshire;E01018212;69;88;114;91;73;11.2;14.1;17.3;13.5;10.9;70;56;56;49;10.4;8.3;8.0;7.1
E07000011;Huntingdonshire;E01018213;66;90;97;86;79;11.1;14.4;13.7;11.9;10.8;74;51;55;52;10.2;7.0;7.2;6.8
E07000011;Huntingdonshire;E01018214;89;125;108;86;66;10.8;15.1;13.2;10.2;8.4;69;68;54;41;8.2;8.7;6.6;5.0
E07000011;Huntingdonshire;E01018215;41;58;63;52;44;7.5;10.5;11.5;9.3;8.0;44;32;39;33;7.8;5.8;6.8;5.8
E07000011;Huntingdonshire;E01018216;59;93;79;69;56;6.6;9.9;9.1;7.7;6.1;58;43;48;37;6.5;4.6;5.0;3.9
E07000011;Huntingdonshire;E01018217;53;84;101;83;59;8.1;12.0;13.5;10.8;8.1;60;47;45;41;7.8;6.4;6.0;5.4
E07000012;South Cambridgeshire;E01018218;97;112;101;114;113;13.9;16.0;14.4;15.9;15.9;89;74;36;55;12.4;10.4;4.9;7.5
E07000012;South Cambridgeshire;E01018219;83;102;82;80;70;14.9;18.1;14.7;14.1;12.6;43;32;31;44;7.6;5.8;5.4;7.6
E07000012;South Cambridgeshire;E01018220;138;145;98;102;117;25.1;26.1;17.5;17.8;19.9;73;64;57;81;12.7;10.9;9.3;13.3
E07000012;South Cambridgeshire;E01018221;33;52;47;41;33;4.4;6.8;6.2;5.3;4.5;33;23;57;49;4.3;3.1;7.4;6.4
E07000012;South Cambridgeshire;E01018222;37;56;41;44;33;6.3;9.4;7.0;7.4;5.7;36;25;47;41;6.0;4.3;7.7;6.7
E07000012;South Cambridgeshire;E01018223;70;92;89;84;72;8.8;11.5;11.1;10.2;9.1;69;54;57;67;8.4;6.9;6.9;8.2
E07000012;South Cambridgeshire;E01018224;79;96;110;119;91;14.5;17.6;19.0;20.1;15.6;87;72;50;58;14.7;12.4;8.3;9.5
E07000012;South Cambridgeshire;E01018225;75;84;91;95;71;15.1;16.8;18.2;18.6;14.6;69;53;52;93;13.5;10.9;10.3;18.3
E07000012;South Cambridgeshire;E01018226;79;88;64;64;73;19.4;21.4;15.7;15.3;15.7;74;64;65;118;17.7;13.8;13.2;23.7
E07000012;South Cambridgeshire;E01018227;70;104;91;76;78;10.0;14.7;13.0;10.6;10.5;56;53;58;112;7.8;7.2;7.6;14.6
E07000012;South Cambridgeshire;E01018228;79;110;91;93;84;12.3;16.9;14.1;14.0;12.8;62;51;62;109;9.4;7.8;9.1;15.9
E07000012;South Cambridgeshire;E01033113;25;34;21;22;24;6.7;8.7;5.2;5.4;5.4;15;12;29;26;3.6;2.7;6.2;5.6
E07000012;South Cambridgeshire;E01033114;34;45;28;30;32;7.1;9.3;5.6;5.8;5.8;21;17;28;22;4.1;3.1;4.9;3.8
E07000012;South Cambridgeshire;E01033115;46;62;39;41;44;11.8;15.5;9.3;9.6;9.5;32;26;20;15;7.6;5.6;4.2;3.1
E07000012;South Cambridgeshire;E01033117;25;34;21;22;24;6.4;8.4;5.1;5.2;5.2;21;17;28;22;4.9;3.7;5.8;4.5
E07000012;South Cambridgeshire;E01033118;57;76;47;50;54;11.8;15.4;9.3;9.5;9.5;43;35;37;58;8.3;6.2;6.3;9.8
E07000012;South Cambridgeshire;E01033116;87;122;104;103;94;19.7;24.9;17.8;17.3;14.8;75;54;55;87;12.5;8.5;8.4;13.2
E07000012;South Cambridgeshire;E01033119;32;45;39;39;35;3.6;4.6;3.3;3.2;5.4;26;19;33;26;2.2;2.9;4.9;3.8
E07000012;South Cambridgeshire;E01018231;134;150;134;153;119;13.2;14.6;13.2;14.7;12.4;105;68;46;41;10.1;7.1;4.6;4.1
E07000012;South Cambridgeshire;E01018232;83;102;137;134;126;9.1;11.1;14.8;14.1;13.4;82;63;36;49;8.6;6.7;3.7;5.0
E07000012;South Cambridgeshire;E01018233;100;127;110;113;92;14.5;18.2;15.9;16.0;14.2;82;53;48;60;11.6;8.2;7.1;8.9
E07000012;South Cambridgeshire;E01018234;56;77;84;93;64;8.4;11.3;12.5;13.5;9.9;74;50;55;47;10.7;7.7;8.2;7.0
E07000012;South Cambridgeshire;E01018235;50;62;70;70;46;7.6;9.2;10.3;10.1;6.6;51;37;38;33;7.3;5.3;5.3;4.6
E07000012;South Cambridgeshire;E01018236;68;92;92;78;48;11.0;14.7;14.8;12.3;7.6;53;53;49;40;8.3;8.4;7.4;6.1
E07000012;South Cambridgeshire;E01018237;64;82;71;78;49;10.8;13.6;11.7;12.6;7.9;70;44;49;42;11.3;7.1;7.7;6.6
E07000012;South Cambridgeshire;E01018238;85;110;87;90;61;14.0;18.0;15.4;15.6;10.7;72;58;54;58;12.5;10.1;9.1;9.8
E07000012;South Cambridgeshire;E01018239;45;61;59;64;50;8.3;11.1;10.6;11.3;9.3;53;34;64;61;9.3;6.3;11.4;10.9
E07000012;South Cambridgeshire;E01018240;61;82;63;68;49;13.0;17.3;13.3;14.1;10.3;53;40;38;35;11.0;8.4;7.6;7.0
E07000012;South Cambridgeshire;E01018241;58;72;64;64;61;11.9;14.6;13.2;12.9;12.7;42;31;35;67;8.5;6.5;7.0;13.5
E07000012;South Cambridgeshire;E01018242;60;80;92;71;47;9.8;13.0;16.2;12.2;8.5;52;49;28;16;9.0;8.8;4.8;2.8
E07000012;South Cambridgeshire;E01018243;46;56;50;51;41;7.3;8.9;7.5;7.4;6.3;35;35;31;22;5.1;5.4;4.6;3.2
E07000012;South Cambridgeshire;E01018244;60;76;98;104;74;9.8;12.3;15.7;16.3;11.3;87;64;50;46;13.7;9.8;7.3;6.8
E07000012;South Cambridgeshire;E01018245;52;72;96;89;70;7.6;10.4;14.0;12.7;10.2;63;44;53;47;9.0;6.4;7.5;6.6
E07000012;South Cambridgeshire;E01018246;93;115;112;101;81;13.5;16.6;16.4;14.4;11.5;76;64;62;60;10.8;9.1;8.5;8.2
E07000012;South Cambridgeshire;E01018247;138;160;117;128;122;22.7;26.1;18.7;20.0;19.4;82;70;76;141;12.8;11.1;11.5;21.5
E07000012;South Cambridgeshire;E01018248;77;92;103;125;78;12.0;13.3;14.9;17.7;11.1;107;61;53;49;15.2;8.7;7.2;6.7
E07000012;South Cambridgeshire;E01018249;38;50;66;73;43;9.1;12.1;16.3;17.5;9.6;51;35;37;34;12.3;7.8;8.0;7.3
E07000012;South Cambridgeshire;E01018250;49;60;78;78;45;9.9;11.7;15.3;14.9;8.7;55;42;44;38;10.5;8.2;8.2;7.1
E07000012;South Cambridgeshire;E01018251;20;28;40;38;25;4.2;5.8;8.3;7.7;5.2;32;21;16;12;6.5;4.4;3.2;2.4
E07000012;South Cambridgeshire;E01018252;39;60;47;47;36;7.8;11.3;8.9;8.7;6.9;39;29;20;15;7.2;5.5;3.7;2.7
E07000012;South Cambridgeshire;E01018253;48;56;58;68;49;11.9;13.7;14.3;16.3;11.5;56;41;31;27;13.5;9.6;7.1;6.2
E07000012;South Cambridgeshire;E01018254;63;87;78;76;51;11.4;15.6;14.0;13.4;9.2;59;47;41;34;10.4;8.5;7.1;5.9
E07000012;South Cambridgeshire;E01018255;66;80;63;76;63;14.8;17.8;13.8;16.3;13.9;46;36;20;21;9.9;7.9;4.2;4.4
E07000012;South Cambridgeshire;E01018256;54;66;79;85;57;8.8;10.6;12.8;13.4;9.2;56;38;52;45;8.8;6.1;8.1;7.0
E07000012;South Cambridgeshire;E01018257;47;65;83;69;40;8.4;11.6;14.9;12.1;6.9;43;38;28;19;7.5;6.5;4.7;3.2
E07000012;South Cambridgeshire;E01018258;64;85;100;101;56;9.5;12.6;14.9;14.7;8.3;79;53;30;18;11.5;7.8;4.3;2.6
E07000012;South Cambridgeshire;E01018259;53;66;70;73;53;10.4;12.8;13.5;13.8;10.0;54;37;23;14;10.2;7.0;4.2;2.6
E07000012;South Cambridgeshire;E01018260;65;81;102;103;64;9.2;11.2;13.7;13.5;8.4;70;44;23;17;9.2;5.8;2.9;2.1
E07000012;South Cambridgeshire;E01033120;37;66;60;57;34;11.4;15.2;11.0;10.3;6.5;34;30;29;18;6.2;5.7;5.3;3.3
E07000012;South Cambridgeshire;E01033121;23;41;37;36;21;6.7;8.9;6.5;6.0;3.8;28;24;22;18;4.7;4.3;3.8;3.1
E07000012;South Cambridgeshire;E01018262;38;51;63;64;43;7.1;9.4;11.4;11.3;7.9;57;36;19;12;10.1;6.6;3.4;2.1
E07000012;South Cambridgeshire;E01018263;52;67;64;66;52;8.8;11.4;10.8;10.9;8.8;49;37;21;17;8.1;6.3;3.4;2.8
E07000012;South Cambridgeshire;E01018264;76;105;105;83;61;11.6;16.2;16.5;12.7;9.4;62;64;38;30;9.5;9.9;5.7;4.5
E07000012;South Cambridgeshire;E01018265;56;75;77;83;64;8.3;10.9;11.3;11.9;9.2;72;50;42;36;10.3;7.2;5.8;5.0
E07000012;South Cambridgeshire;E01018266;84;128;96;82;78;8.7;12.9;9.7;8.1;7.2;80;63;67;60;7.9;5.8;6.0;5.3
E07000012;South Cambridgeshire;E01018267;72;119;135;133;83;8.2;12.5;13.9;13.4;8.4;91;63;66;59;9.1;6.4;6.4;5.7
E07000012;South Cambridgeshire;E01018268;80;97;94;100;97;11.5;13.8;13.7;14.2;13.5;79;64;59;87;11.2;8.9;7.8;11.5
E07000012;South Cambridgeshire;E01018269;55;82;78;54;38;9.2;13.6;13.0;8.8;6.4;39;42;44;39;6.4;7.1;7.2;6.3
E07000012;South Cambridgeshire;E01018270;71;90;71;76;54;15.9;19.7;15.3;16.0;12.3;56;42;45;43;11.8;9.6;9.8;9.3
E07000012;South Cambridgeshire;E01018271;74;98;72;67;56;15.0;19.5;14.3;13.0;10.0;47;46;48;53;9.1;8.2;8.3;9.2
E07000012;South Cambridgeshire;E01018272;25;34;33;36;29;5.2;7.0;6.9;7.4;5.8;30;24;84;82;6.2;4.8;16.3;15.9
E07000012;South Cambridgeshire;E01018273;60;76;97;86;74;9.1;11.4;15.1;13.1;10.9;65;61;114;92;9.9;9.0;16.3;13.1
E07000012;South Cambridgeshire;E01018274;24;29;34;30;27;3.6;4.3;5.2;4.5;3.9;29;29;141;129;4.4;4.2;19.6;17.9
E07000012;South Cambridgeshire;E01018275;141;172;137;137;132;15.1;18.3;14.5;14.1;13.7;93;81;84;162;9.6;8.4;8.4;16.2
E07000012;South Cambridgeshire;E01018276;55;64;32;39;37;9.3;10.7;5.3;6.4;6.4;17;33;52;44;2.8;5.7;8.7;7.4
E07000012;South Cambridgeshire;E01018277;102;122;109;112;88;15.4;18.1;16.1;16.1;12.6;66;45;65;92;9.5;6.5;8.8;12.6
E07000012;South Cambridgeshire;E01018278;59;75;50;55;67;9.8;12.1;8.0;8.6;10.2;33;48;48;62;5.2;7.3;7.1;9.1
E07000012;South Cambridgeshire;E01018279;71;96;98;80;44;11.1;15.0;14.8;11.8;6.6;63;48;59;60;9.3;7.2;8.5;8.7
E07000012;South Cambridgeshire;E01018280;60;80;95;82;58;10.2;13.5;15.8;13.3;9.6;69;56;57;52;11.2;9.3;9.1;8.3
E07000012;South Cambridgeshire;E01018281;58;94;108;75;54;9.0;14.4;15.8;10.7;7.9;53;51;56;47;7.6;7.4;7.9;6.6
E07000012;South Cambridgeshire;E01018282;36;47;44;44;40;7.0;9.1;9.3;9.1;7.8;39;31;35;30;8.1;6.0;6.5;5.6
E07000012;South Cambridgeshire;E01018283;30;44;43;37;33;6.2;9.1;9.1;7.6;6.8;40;28;36;34;8.2;5.7;7.1;6.7
E07000012;South Cambridgeshire;E01018284;48;54;67;65;49;9.3;10.4;13.0;12.3;9.5;46;30;34;31;8.7;5.8;6.4;5.8
E07000012;South Cambridgeshire;E01018285;27;40;43;38;27;5.9;8.4;9.2;7.9;5.8;30;24;28;24;6.3;5.1;5.7;4.9
E07000012;South Cambridgeshire;E01018286;47;61;74;58;44;7.3;9.2;11.2;8.6;6.7;46;48;37;24;6.8;7.3;5.4;3.5
E07000012;South Cambridgeshire;E01018287;22;24;27;21;26;3.6;3.9;4.9;3.8;4.5;18;20;24;13;3.2;3.5;4.0;2.2
E07000012;South Cambridgeshire;E01018288;60;78;61;64;54;12.6;16.1;12.7;13.0;11.1;31;25;46;96;6.3;5.1;9.0;19.0
E07000012;South Cambridgeshire;E01018289;68;74;89;96;76;14.6;15.6;17.6;18.5;16.3;88;61;38;45;17.0;13.1;7.8;9.2
E07000012;South Cambridgeshire;E01018290;146;188;138;141;149;15.8;19.8;14.5;14.4;15.3;97;81;90;173;9.9;8.3;8.8;17.0
E07000012;South Cambridgeshire;E01018291;53;62;63;77;62;11.2;13.0;13.3;15.8;12.8;59;47;47;58;12.1;9.7;9.3;11.4
E07000012;South Cambridgeshire;E01018292;46;61;80;87;59;8.3;11.0;14.5;15.4;10.8;76;52;22;15;13.5;9.5;3.8;2.6
E07000012;South Cambridgeshire;E01018293;64;75;110;127;69;10.1;11.7;16.4;18.5;11.1;100;68;19;14;14.6;11.0;3.0;2.2
E07000012;South Cambridgeshire;E01018294;86;109;103;88;56;11.5;14.4;13.0;10.8;6.7;58;61;35;25;7.1;7.3;4.1;2.9
E07000012;South Cambridgeshire;E01018295;57;71;79;89;60;9.1;11.1;12.4;13.6;9.4;66;48;22;14;10.1;7.5;3.3;2.1
E07000012;South Cambridgeshire;E01018296;74;91;56;60;57;17.0;20.8;12.9;13.5;12.4;38;31;32;63;8.5;6.8;6.8;13.2
E07000012;South Cambridgeshire;E01018297;83;118;122;118;101;12.7;17.0;17.0;16.1;13.8;89;67;86;140;12.1;9.2;11.4;18.6
E07000012;South Cambridgeshire;E01018298;46;63;40;40;46;9.7;13.2;9.3;9.0;9.4;73;55;73;87;16.5;11.3;14.4;17.2
E07000012;South Cambridgeshire;E01018299;48;72;76;60;46;7.6;11.3;11.0;8.5;6.4;37;32;49;47;5.2;4.4;6.6;6.3
E07000012;South Cambridgeshire;E01018300;74;95;109;101;64;14.6;18.7;20.6;18.6;12.9;53;38;38;32;9.8;7.7;7.4;6.2
E07000012;South Cambridgeshire;E01018301;49;66;79;75;48;8.8;11.7;14.1;13.1;8.6;58;40;45;40;10.1;7.2;7.8;6.9
E07000012;South Cambridgeshire;E01018302;80;96;82;84;84;14.4;16.6;14.5;14.5;13.9;73;54;41;79;12.6;8.9;6.5;12.5
E07000012;South Cambridgeshire;E01018303;60;78;61;64;44;12.4;16.0;12.1;12.4;8.7;47;41;51;46;9.1;8.1;9.7;8.8
E07000012;South Cambridgeshire;E01018304;72;110;129;121;86;9.6;14.4;16.9;15.5;11.2;90;65;55;55;11.5;8.4;6.9;6.9
E07000012;South Cambridgeshire;E01018305;41;56;58;57;38;7.7;10.4;10.7;10.3;7.1;42;30;40;34;7.6;5.6;7.2;6.1
E07000012;South Cambridgeshire;E01018306;41;55;59;63;47;7.3;9.6;10.6;11.0;8.1;53;36;22;15;9.3;6.2;3.7;2.5
E07000012;South Cambridgeshire;E01018307;82;101;96;98;65;10.0;12.1;11.7;11.7;7.8;72;52;56;51;8.6;6.2;6.5;5.9
E07000201;Forest Heath;E01032612;127;150;173;140;100;13.2;15.4;18.2;14.3;10.8;176;120;113;116;18.0;12.9;11.8;12.1
E07000201;Forest Heath;E01029925;100;128;155;147;97;11.9;15.0;18.1;16.8;11.2;150;98;79;73;17.2;11.4;8.9;8.2
E07000201;Forest Heath;E01029926;100;135;146;120;54;12.8;17.1;18.6;14.9;6.9;53;26;34;23;6.6;3.3;4.2;2.8
E07000201;Forest Heath;E01029927;115;162;155;123;86;11.1;15.6;15.4;11.9;8.6;110;84;89;89;10.7;8.4;8.5;8.5
E07000201;Forest Heath;E01029928;101;129;121;110;81;14.8;18.1;16.0;14.2;10.2;110;71;69;69;14.2;8.9;8.4;8.4
E07000201;Forest Heath;E01029929;123;157;170;123;87;12.4;15.5;16.7;11.8;8.6;88;67;68;55;8.5;6.7;6.5;5.3
E07000201;Forest Heath;E01029930;71;90;93;76;42;10.8;13.5;14.7;11.8;6.6;43;24;32;25;6.7;3.8;4.8;3.8
E07000201;Forest Heath;E01032523;30;40;48;41;34;6.3;8.4;11.3;9.4;8.1;37;25;36;53;8.5;5.9;8.2;12.1
E07000201;Forest Heath;E01032524;105;114;118;107;72;15.3;16.5;19.8;17.5;17.7;74;31;32;47;12.1;7.6;7.5;11.1
E07000201;Forest Heath;E01032525;81;103;155;137;156;12.3;15.1;19.9;17.2;15.7;121;87;110;179;15.2;8.8;10.7;17.4
E07000201;Forest Heath;E01032526;135;167;122;108;111;20.1;24.4;17.7;15.3;16.0;61;51;59;88;8.6;7.3;8.3;12.3
E07000201;Forest Heath;E01033453;120;170;258;270;115;8.4;10.8;19.5;20.0;12.4;313;132;100;179;23.2;14.2;10.4;18.6
E07000201;Forest Heath;E01029937;111;133;144;126;82;12.8;15.1;16.5;14.1;9.5;110;74;84;92;12.3;8.6;9.4;10.3
E07000201;Forest Heath;E01029938;55;82;73;48;41;10.5;15.6;14.0;9.0;7.8;49;46;63;64;9.2;8.8;11.6;11.8
E07000201;Forest Heath;E01029939;39;48;55;48;28;6.0;7.3;8.3;7.1;4.4;30;18;27;19;4.4;2.8;4.1;2.9
E07000201;Forest Heath;E01029940;69;89;97;66;44;11.6;14.9;16.5;11.0;7.2;48;46;49;43;8.0;7.6;7.8;6.8
E07000201;Forest Heath;E01029941;172;198;142;136;124;22.8;25.9;18.5;17.3;16.2;119;90;86;169;15.1;11.8;10.8;21.2
E07000201;Forest Heath;E01029942;67;90;126;108;88;10.2;13.2;18.0;15.1;13.5;52;30;37;66;7.3;4.6;5.5;9.7
E07000201;Forest Heath;E01029944;103;133;158;133;99;13.8;17.6;21.0;17.3;13.3;63;39;47;88;8.2;5.2;6.1;11.4
E07000201;Forest Heath;E01029945;140;156;126;120;97;19.3;21.1;16.8;15.7;12.3;78;57;68;83;10.2;7.2;8.3;10.2
E07000201;Forest Heath;E01029946;81;103;142;112;71;10.3;12.3;15.8;12.1;7.9;82;58;62;55;8.9;6.5;6.7;5.9
E07000201;Forest Heath;E01029947;102;138;165;144;86;10.1;13.1;15.6;13.3;8.1;108;68;75;72;10.0;6.4;6.9;6.6
E07000201;Forest Heath;E01033451;32;55;64;54;46;8.5;11.6;11.3;9.3;7.5;44;30;33;26;7.6;4.9;5.2;4.1
E07000201;Forest Heath;E01033452;44;64;74;63;63;12.5;14.4;13.9;11.5;10.9;47;32;38;59;8.6;5.6;6.3;9.8
E07000201;Forest Heath;E01033454;36;62;71;60;51;10.8;14.7;14.3;11.8;9.5;32;22;28;35;6.4;4.1;5.0;6.3
E07000201;Forest Heath;E01029949;84;97;121;95;61;12.8;14.7;18.5;14.2;9.7;78;62;62;67;11.6;9.8;9.5;10.2
E07000201;Forest Heath;E01029950;101;127;114;70;62;14.3;17.8;15.6;9.4;7.9;54;56;68;69;7.2;7.1;8.4;8.5
E07000201;Forest Heath;E01029951;65;81;92;76;43;10.5;13.0;15.0;12.1;7.0;57;34;39;37;9.1;5.6;6.2;5.8
E07000201;Forest Heath;E01029952;53;76;81;68;48;10.5;15.0;16.1;13.2;9.2;65;42;47;47;12.6;8.1;8.7;8.8
E07000201;Forest Heath;E01029953;54;70;82;61;43;9.1;11.7;13.9;10.1;7.1;75;48;60;57;12.4;7.9;9.5;9.0
E07000201;Forest Heath;E01029954;129;131;166;130;108;13.8;13.1;15.8;12.1;9.7;110;86;77;85;10.3;7.7;6.7;7.4
E07000201;Forest Heath;E01029955;80;88;95;73;66;9.4;10.2;11.3;8.5;7.6;61;50;53;45;7.1;5.8;5.9;5.0
E07000201;Forest Heath;E01029956;35;45;53;47;33;6.9;8.9;10.5;9.1;6.1;86;44;52;52;16.7;8.2;9.3;9.3
E07000201;Forest Heath;E01029957;148;162;157;158;130;20.2;21.9;21.0;20.7;18.1;88;64;65;117;11.5;8.9;8.7;15.7
E07000204;St Edmundsbury;E01030091;111;130;188;184;141;12.8;14.5;21.6;20.7;15.0;183;132;118;136;20.6;14.0;12.2;14.0
E07000204;St Edmundsbury;E01030092;84;93;130;114;88;11.0;12.0;16.3;14.0;11.0;99;72;81;79;12.1;9.0;9.7;9.5
E07000204;St Edmundsbury;E01030093;69;78;129;123;91;9.3;10.4;17.0;15.8;11.8;100;74;79;83;12.8;9.6;9.9;10.4
E07000204;St Edmundsbury;E01030094;110;148;119;118;122;21.0;27.4;22.1;21.4;20.7;94;93;89;131;17.0;15.8;14.5;21.2
E07000204;St Edmundsbury;E01030095;95;113;81;83;89;21.1;24.9;17.8;17.9;18.6;49;42;46;50;10.6;8.8;9.2;10.0
E07000204;St Edmundsbury;E01030096;111;136;102;105;126;19.5;23.7;17.6;17.6;21.0;48;48;46;65;8.1;8.0;7.4;10.4
E07000204;St Edmundsbury;E01030097;113;127;103;102;111;23.6;26.0;21.0;20.4;22.3;50;48;43;69;10.0;9.6;8.3;13.2
E07000204;St Edmundsbury;E01030098;146;169;183;180;180;16.1;18.6;20.2;19.4;18.9;100;85;80;137;10.8;8.9;8.1;13.8
E07000204;St Edmundsbury;E01030099;199;220;197;217;205;24.8;27.0;24.3;26.2;24.2;123;108;93;117;14.8;12.7;10.4;13.1
E07000204;St Edmundsbury;E01030100;172;196;170;172;196;19.8;22.5;19.7;19.5;22.9;84;81;74;122;9.5;9.5;8.3;13.6
E07000204;St Edmundsbury;E01030101;173;207;182;177;132;18.9;22.4;19.8;18.8;14.0;121;111;117;117;12.9;11.8;12.0;12.0
E07000204;St Edmundsbury;E01033048;72;94;116;105;79;12.2;15.7;19.3;17.0;12.3;84;66;49;47;13.6;10.2;7.4;7.1
E07000204;St Edmundsbury;E01033049;65;85;105;95;72;11.1;14.2;17.5;15.5;11.1;76;60;66;71;12.3;9.3;9.9;10.6
E07000204;St Edmundsbury;E01030103;91;108;118;115;85;10.8;12.6;14.0;13.3;10.0;69;51;51;44;8.0;6.0;5.8;5.0
E07000204;St Edmundsbury;E01030104;122;164;136;141;124;14.2;18.9;15.7;15.9;14.1;69;51;58;49;7.8;5.8;6.3;5.3
E07000204;St Edmundsbury;E01030105;75;104;91;62;60;11.1;15.2;13.7;9.1;8.5;66;56;73;71;9.7;7.9;10.0;9.7
E07000204;St Edmundsbury;E01030106;82;104;92;63;58;9.5;11.5;10.0;6.7;5.7;41;45;56;52;4.4;4.5;5.4;5.0
E07000204;St Edmundsbury;E01030107;37;51;45;39;28;6.0;8.2;7.3;6.2;4.4;25;19;25;19;4.0;3.0;3.8;2.9
E07000204;St Edmundsbury;E01030108;67;93;91;62;56;10.6;14.5;14.4;9.6;8.0;57;56;72;73;8.8;8.0;9.9;10.1
E07000204;St Edmundsbury;E01030109;88;120;114;79;61;12.5;16.9;16.2;11.0;8.2;60;69;77;73;8.3;9.3;9.9;9.4
E07000204;St Edmundsbury;E01030110;155;191;193;148;96;14.2;17.1;17.7;13.2;8.4;99;93;93;87;8.9;8.2;7.8;7.3
E07000204;St Edmundsbury;E01030111;33;44;39;35;29;6.3;8.3;7.5;6.6;5.5;32;23;33;27;6.0;4.4;6.1;5.0
E07000204;St Edmundsbury;E01030112;83;99;109;81;79;12.0;13.5;14.9;10.8;10.8;66;59;56;51;8.8;8.0;7.4;6.7
E07000204;St Edmundsbury;E01030113;93;121;132;99;75;12.3;15.9;17.2;12.6;9.2;77;65;75;72;9.8;7.9;8.8;8.5
E07000204;St Edmundsbury;E01030114;63;85;74;44;42;12.1;16.2;14.2;8.2;7.8;39;49;59;60;7.3;9.1;10.6;10.7
E07000204;St Edmundsbury;E01030115;75;125;106;67;61;9.5;15.5;13.0;8.0;7.0;49;59;73;72;5.9;6.8;8.1;8.0
E07000204;St Edmundsbury;E01030116;33;52;37;35;34;4.1;6.0;4.2;3.9;4.1;28;24;31;20;3.1;2.9;3.7;2.4
E07000204;St Edmundsbury;E01030117;30;42;33;25;23;4.5;6.3;4.9;3.6;3.6;22;17;23;19;3.2;2.6;3.4;2.8
E07000204;St Edmundsbury;E01030118;49;68;61;42;36;8.4;11.5;10.3;6.9;5.6;33;38;44;42;5.4;5.9;6.5;6.2
E07000204;St Edmundsbury;E01030119;158;181;185;176;186;17.6;19.9;20.5;19.0;20.1;89;79;73;126;9.6;8.5;7.6;13.1
E07000204;St Edmundsbury;E01030120;195;234;187;186;195;22.8;25.7;20.6;20.0;21.4;111;97;94;130;11.9;10.6;9.9;13.6
E07000204;St Edmundsbury;E01030121;91;134;144;143;103;10.3;14.9;16.1;15.6;11.7;91;77;71;68;9.9;8.8;7.8;7.4
E07000204;St Edmundsbury;E01030122;107;132;120;108;97;13.9;16.9;15.4;13.6;12.3;74;54;66;66;9.3;6.8;8.0;8.0
E07000204;St Edmundsbury;E01030123;86;114;120;101;73;14.4;18.9;18.8;15.5;11.4;65;68;78;73;10.0;10.6;11.8;11.0
E07000204;St Edmundsbury;E01030124;79;105;136;124;63;10.7;14.2;18.5;16.5;8.7;74;43;51;44;9.8;6.0;6.8;5.8
E07000204;St Edmundsbury;E01030125;73;87;91;68;45;12.0;14.2;14.9;10.9;7.2;49;43;52;47;7.9;6.9;8.0;7.2
E07000204;St Edmundsbury;E01033044;20;29;26;25;19;4.2;5.7;5.0;4.6;3.7;19;15;23;16;3.5;2.9;4.3;3.0
E07000204;St Edmundsbury;E01033045;21;31;28;26;20;5.7;7.8;6.7;6.3;5.0;20;16;16;12;4.8;4.0;3.9;2.9
E07000204;St Edmundsbury;E01033050;23;34;30;29;22;4.8;6.6;5.7;5.3;4.3;19;15;20;15;3.5;2.9;3.8;2.8
E07000204;St Edmundsbury;E01030127;19;28;27;25;25;3.6;5.3;5.2;4.7;4.9;19;14;17;10;3.6;2.8;3.2;1.9
E07000204;St Edmundsbury;E01030128;21;27;27;25;21;3.6;4.6;4.5;4.1;3.5;22;16;24;17;3.6;2.6;3.9;2.7
E07000204;St Edmundsbury;E01030129;30;45;31;30;21;5.2;7.7;5.4;5.1;3.7;23;18;25;15;3.9;3.1;4.2;2.5
E07000204;St Edmundsbury;E01030130;65;83;103;89;55;12.6;16.0;18.8;15.9;10.2;60;47;50;48;10.7;8.7;9.0;8.6
E07000204;St Edmundsbury;E01030131;65;94;87;52;45;12.9;18.5;17.6;10.3;9.0;36;56;55;60;7.1;11.2;10.5;11.5
E07000204;St Edmundsbury;E01030132;46;70;40;39;46;12.0;18.0;10.3;9.8;10.6;62;47;50;70;15.7;10.9;11.0;15.5
E07000204;St Edmundsbury;E01030133;119;155;138;140;141;20.8;26.9;23.6;23.4;23.6;116;121;111;132;19.4;20.3;17.7;21.0
E07000204;St Edmundsbury;E01030134;68;102;82;77;84;15.8;22.7;18.3;16.8;18.1;50;49;45;76;10.9;10.5;9.3;15.7
E07000204;St Edmundsbury;E01030135;108;125;111;115;115;20.4;23.5;20.7;21.0;21.6;67;55;62;103;12.2;10.3;11.3;18.7
E07000204;St Edmundsbury;E01033043;68;85;97;83;65;12.9;15.8;17.4;14.5;10.7;77;66;56;53;13.6;10.8;8.8;8.3
E07000204;St Edmundsbury;E01033046;70;88;100;85;67;13.5;16.6;18.3;15.3;11.2;72;61;62;65;12.8;10.2;10.0;10.5
E07000204;St Edmundsbury;E01033047;60;76;87;74;58;14.1;17.3;19.1;15.9;11.7;61;52;58;57;13.2;10.5;11.3;11.1
E07000204;St Edmundsbury;E01030137;71;108;103;92;85;11.8;15.2;16.2;14.2;11.7;91;71;63;64;14.0;9.8;8.3;8.5
E07000204;St Edmundsbury;E01030138;216;248;189;178;191;23.7;26.0;20.4;18.7;19.8;111;95;89;124;11.7;9.9;8.9;12.4
E07000204;St Edmundsbury;E01030139;88;130;115;65;65;11.7;17.1;15.3;8.4;8.6;44;63;71;72;5.7;8.3;9.0;9.2
E07000204;St Edmundsbury;E01030140;53;67;64;41;34;10.6;13.3;12.8;8.0;6.9;37;32;41;38;7.2;6.5;8.0;7.4
E07000204;St Edmundsbury;E01030141;60;85;82;52;46;9.5;13.3;13.3;8.3;7.3;40;44;48;46;6.3;7.0;7.3;7.0
E07000204;St Edmundsbury;E01030142;53;68;88;85;66;8.8;11.1;13.3;12.6;9.1;58;41;53;47;8.6;5.6;7.0;6.2
E07000204;St Edmundsbury;E01030143;51;68;63;43;45;8.7;11.5;10.6;7.1;6.9;38;37;52;52;6.3;5.7;7.7;7.7
E07000204;St Edmundsbury;E01030144;61;71;69;61;50;12.4;14.2;13.8;12.0;9.5;44;33;37;33;8.6;6.2;6.8;6.0
E07000204;St Edmundsbury;E01030145;63;87;80;76;67;10.8;14.6;13.6;12.6;11.4;46;34;41;35;7.6;5.8;6.7;5.7
E07000204;St Edmundsbury;E01030146;92;106;104;80;54;17.5;20.0;19.6;14.7;10.9;46;33;43;48;8.5;6.7;8.4;9.4
E07000204;St Edmundsbury;E01030147;69;84;117;111;66;10.3;12.4;17.9;16.6;9.8;65;44;50;43;9.7;6.5;7.2;6.1
E07000204;St Edmundsbury;E01030148;38;52;56;48;36;7.6;10.3;11.3;9.5;7.1;42;28;38;33;8.3;5.5;7.2;6.3
E07000204;St Edmundsbury;E01030149;53;69;87;77;51;8.7;11.2;14.3;12.3;8.3;59;37;45;39;9.5;6.0;7.0;6.1
E07000204;St Edmundsbury;E01030150;206;218;197;204;248;24.5;25.7;23.6;23.8;27.6;107;104;107;177;12.5;11.6;11.4;18.9
E07000204;St Edmundsbury;E01030151;217;207;179;185;200;28.3;26.6;23.0;23.2;24.6;124;112;105;165;15.6;13.8;12.4;19.5
